country_file;total_population;weighted_lat;weighted_lon
chn_pop_2025_CN_100m_R2024B_v1.tif;1417732515.014385223388672;31.857870419323056;113.460974153330881
